,count,mean,std,min,25%,50%,75%,max
Wind_power,94750.0,619.1098053984925,611.275372561615,-38.52465939473685,79.64225833125,402.6548933235294,1074.5917802499998,1779.0324333333335
Wind_turbine,136730.0,1138.5563496164327,1078.4199916268142,-48.5966682434082,80.39416694641113,778.2208251953125,2310.4432373046875,2779.42333984375
Spanish,17988.0,2955.9322298198795,3555.6487441062495,0.0,83.7125,1515.7199999999998,4588.3375,16163.41
Yumen,4672.0,415.21038527397263,515.9209811680465,-1.86,0.0,175.64,676.11,1525.25
